{
  "random_forest": {
    "accuracy": 0.9746478873239437,
    "precision": 0.0,
    "recall": 0.0,
    "f1": 0.0,
    "auc": 0.7731937602627257
  },
  "svm": {
    "accuracy": 0.7774647887323943,
    "precision": 0.04999999937500001,
    "recall": 0.57142848979593,
    "f1": 0.09195387290285112,
    "auc": 0.8025451559934318
  },
  "isolation_forest": {
    "accuracy": 0.9211267605633803,
    "precision": 0.0,
    "recall": 0.0,
    "f1": 0.0
  },
  "one_class_svm": {
    "accuracy": 0.9352112676056338,
    "precision": 0.0,
    "recall": 0.0,
    "f1": 0.0
  }
}