{
  "september_analysis": {
    "trading_days": 21,
    "avg_spy_price": 656.8433343796503,
    "spy_range": {
      "high": 666.8400268554688,
      "low": 640.27001953125,
      "range_pct": 4.045105725144118
    },
    "hedging_metrics": {
      "avg_institutional_pct": 0.783785077110596,
      "avg_pc_ratio": 1.102916581330281,
      "avg_hedging_intensity": 0.20583316266056234,
      "avg_defensive_positioning": 0.6501785884655478,
      "avg_vol_oi_ratio": 1.0129080814530003
    },
    "risk_signals": {
      "high_hedging_days": "0",
      "institutional_dominance_days": "5",
      "defensive_positioning_days": "19",
      "high_pc_ratio_days": "0"
    },
    "trends": {
      "hedging_intensity_trend": 0.26369807411426605,
      "pc_ratio_trend": 0.13184903705713302,
      "defensive_trend": -0.1517342080527182
    }
  },
  "prediction": {
    "risk_score": 65,
    "pullback_probability": 0.55,
    "expected_magnitude": "3-5%",
    "confidence": "MEDIUM",
    "scenario": "MINOR_CORRECTION",
    "support_levels": {
      "immediate": 643.7064676920572,
      "primary": 624.0011676606678,
      "secondary": 591.1590009416852,
      "critical": 558.3168342227027
    }
  },
  "comparison": {
    "most_similar_period": "March_2024",
    "similarity_score": 0.9430438347398953,
    "historical_outcome": "No significant correction",
    "all_similarities": {
      "September_2024": 0.8908449403671465,
      "July_2024": 0.7808449403671465,
      "March_2024": 0.9430438347398953,
      "September_2022": 0.6708449403671465
    }
  }
}