{
  "monthly_stats": {
    "June_2025": {
      "trading_days": 20,
      "avg_spy_price": 601.620004272461,
      "avg_hedging_intensity": 0.2437263251237683,
      "avg_pc_ratio": 1.121863162561884,
      "avg_institutional_pct": 0.8028727917256726,
      "avg_defensive_positioning": 0.6540995898352067,
      "avg_vol_oi_ratio": 1.0603372266936746,
      "avg_total_put_oi": 4429788.907426463,
      "avg_strike_concentration": 0.08503931511123262,
      "avg_long_term_pct": 0.4238557957966182,
      "max_hedging_intensity": 0.3713765544106127,
      "max_pc_ratio": 1.1856882772053063,
      "max_defensive_positioning": 0.756543084837873
    },
    "July_2025": {
      "trading_days": 22,
      "avg_spy_price": 627.5840953480114,
      "avg_hedging_intensity": 0.2726390071798744,
      "avg_pc_ratio": 1.136319503589937,
      "avg_institutional_pct": 0.8060869765338584,
      "avg_defensive_positioning": 0.7007468456035316,
      "avg_vol_oi_ratio": 0.9766777450333421,
      "avg_total_put_oi": 4212908.525677926,
      "avg_strike_concentration": 0.08986693579682663,
      "avg_long_term_pct": 0.432545976856306,
      "max_hedging_intensity": 0.4094169500026319,
      "max_pc_ratio": 1.204708475001316,
      "max_defensive_positioning": 0.7740519522222988
    },
    "August_2025": {
      "trading_days": 21,
      "avg_spy_price": 639.2985636393229,
      "avg_hedging_intensity": 0.18849157317703508,
      "avg_pc_ratio": 1.0942457865885176,
      "avg_institutional_pct": 0.8011300246942402,
      "avg_defensive_positioning": 0.7069025204016087,
      "avg_vol_oi_ratio": 1.0548141352845148,
      "avg_total_put_oi": 4032656.120454321,
      "avg_strike_concentration": 0.09254301232538398,
      "avg_long_term_pct": 0.4341989865666382,
      "max_hedging_intensity": 0.26219602509121875,
      "max_pc_ratio": 1.1310980125456094,
      "max_defensive_positioning": 0.7997051230219135
    },
    "September_2025": {
      "trading_days": 21,
      "avg_spy_price": 656.8433343796503,
      "avg_hedging_intensity": 0.20583316266056234,
      "avg_pc_ratio": 1.102916581330281,
      "avg_institutional_pct": 0.783785077110596,
      "avg_defensive_positioning": 0.6501785884655478,
      "avg_vol_oi_ratio": 1.0129080814530003,
      "avg_total_put_oi": 4469208.097843446,
      "avg_strike_concentration": 0.08414921289501279,
      "avg_long_term_pct": 0.3955958685489128,
      "max_hedging_intensity": 0.3578505838937249,
      "max_pc_ratio": 1.1789252919468625,
      "max_defensive_positioning": 0.7799583376243713
    }
  },
  "summer_stats": {
    "trading_days": 63,
    "avg_spy_price": 623.246349516369,
    "avg_hedging_intensity": 0.23541123328810068,
    "avg_pc_ratio": 1.11770561664405,
    "avg_institutional_pct": 0.803414283124403,
    "avg_defensive_positioning": 0.6879900845780258,
    "avg_vol_oi_ratio": 1.0292817740568545,
    "avg_total_put_oi": 4221675.305444196,
    "avg_strike_concentration": 0.08922638331091907,
    "avg_long_term_pct": 0.4303381924550872,
    "max_hedging_intensity": 0.4094169500026319,
    "max_pc_ratio": 1.204708475001316,
    "max_defensive_positioning": 0.7997051230219135
  },
  "september_vs_summer_changes": {
    "avg_hedging_intensity": {
      "summer": 0.23541123328810068,
      "september": 0.20583316266056234,
      "change": -0.02957807062753834,
      "change_pct": -12.564426180691276
    },
    "avg_pc_ratio": {
      "summer": 1.11770561664405,
      "september": 1.102916581330281,
      "change": -0.014789035313768961,
      "change_pct": -1.3231601500020689
    },
    "avg_institutional_pct": {
      "summer": 0.803414283124403,
      "september": 0.783785077110596,
      "change": -0.01962920601380702,
      "change_pct": -2.4432234310635943
    },
    "avg_defensive_positioning": {
      "summer": 0.6879900845780258,
      "september": 0.6501785884655478,
      "change": -0.03781149611247803,
      "change_pct": -5.495936200253447
    },
    "avg_vol_oi_ratio": {
      "summer": 1.0292817740568545,
      "september": 1.0129080814530003,
      "change": -0.01637369260385424,
      "change_pct": -1.59078816088604
    },
    "avg_total_put_oi": {
      "summer": 4221675.305444196,
      "september": 4469208.097843446,
      "change": 247532.79239924997,
      "change_pct": 5.863378267865276
    },
    "avg_strike_concentration": {
      "summer": 0.08922638331091907,
      "september": 0.08414921289501279,
      "change": -0.0050771704159062875,
      "change_pct": -5.690212051086204
    },
    "avg_long_term_pct": {
      "summer": 0.4303381924550872,
      "september": 0.3955958685489128,
      "change": -0.03474232390617438,
      "change_pct": -8.073260639026433
    }
  }
}